Workbook

Sheet IDENTIFICACIÓN
A1: NUMERO DE EVALUACIÓN | B1: MEDICO | C1: CENTRO | D1: ESPECIALIDAD | E1: FECHA | F1: ADMISION
A2: 1 | B2: PROPUESTA | C2: CM | D2: EJEMPLO | E2: 45924 | F2: CEX

Sheet REGISTRO
A1: DATOS DEL PROFESIONAL | G1: REGISTRO | S1: EVALUACIÓN CLÍNICA | T1: INDICACIONES Y TERAPEUTICA
A2: =[1]IDENTIFICACIÓN!A1 -> NUMERO DE EVALUACIÓN | B2: =[1]IDENTIFICACIÓN!B1 -> MEDICO | C2: =[1]IDENTIFICACIÓN!C1 -> CENTRO | D2: =[1]IDENTIFICACIÓN!D1 -> ESPECIALIDAD | E2: =[1]IDENTIFICACIÓN!E1 -> FECHA | F2: =[1]IDENTIFICACIÓN!F1 -> ADMISION | G2: DATOS | H2: SIGNOS | I2: APP | J2: APF | K2: ALERGIAS | L2: MOTIVO DE CONSULTA | M2: EA | O2: RAS | P2: EF | Q2: HISTORIA CONSISTENTE | R2: RIESGO LEGAL | S2: DG | T2: LAB | U2: IMAGEN / PROCEDIMIENTO | V2: RP | W2: INDICACIONES COMPLETAS | X2: PRESCRIPCIÓN DE HÁBITOS Y ASESORÍA EN SALUD
A3: =[1]IDENTIFICACIÓN!A2 -> NÚMERO | B3: =[1]IDENTIFICACIÓN!B2 -> Nombre profesional | C3: =[1]IDENTIFICACIÓN!C2 -> Unidad de atención | D3: =[1]IDENTIFICACIÓN!D2 -> Servicio en que se atendió | E3: =[1]IDENTIFICACIÓN!E2 -> Mes | F3: =[1]IDENTIFICACIÓN!F2 -> Código de admisión | G3: Se escribe los datos de consulta según la especialidad respectiva | H3: Signos vitales registrados completos y adecuados para la edad | I3: Presencia de registro de antecedentes personales relevantes | J3: Presencia de registro tanto positivo como negativo de antecedentes familiares relevantes | K3: Presencia de registro de antecedentes de alergias | L3: Registro del motivo por el que el paciente acude a pedir atención médica | M3: Descripción de la evolución y detalles de los síntomas y/ o signos descritos en el motivo de consulta y los hallazgos en el interrogatorio, Se incluyen datos positivos y negativos, Valoración del dolor | N3: Mención de signos negativos importantes para el diagnóstico diferencial | O3: Describe signos y síntomas extras al motivo de consulta y forman parte importante en el diagnóstico | P3: Descripción clara y especifica de hallazgos en el examen físico- registro datos negativos importantes para el diagnóstico diferencial | Q3: Se evalúa la estructura global de la redacción de la historia clínica buscando la consistencia interna entre síntomas y signos explorados con el motivo de consulta presentado | R3: Se evalúa si la información presente en la historia, en caso de presentarse alguna queja, contenga vacíos que puedan presentar riesgo dejando espacio libre para especulaciones o que no evidencie lo actuado | S3: Se analiza la hipótesis diagnostica más probable considerando de manera integral la clínica, los factores de riesgo y la situación del contexto del paciente | T3: Los exámenes prescritos se soportan tanto en evidencia clínica como científica | U3: Los exámenes prescritos se soportan tanto en evidencia clínica como científica | V3: La decisión de la prescripción terapéutica es adecuada y esta soportada en evidencia científica | W3: Indicaciones completas y claras sin espacios de confusión para el paciente, dosificación, horarios, tiempo de tratamiento | X3: La prescripción cuenta con recomendaciones de hábitos saludables y no farmacológicos, así como aspectos de prevención y promoción de la salud
A4: =IDENTIFICACIÓN!A2 -> 1 | B4: =IDENTIFICACIÓN!B2 -> PROPUESTA | C4: =IDENTIFICACIÓN!C2 -> CM | D4: =IDENTIFICACIÓN!D2 -> EJEMPLO | E4: =IDENTIFICACIÓN!E2 -> 45924 | F4: =IDENTIFICACIÓN!F2 -> CEX | G4: 1 | H4: 1 | I4: 1 | J4: 1 | K4: 1 | L4: 1 | M4: 1 | N4: 1 | O4: 1 | P4: 1 | Q4: 1 | R4: 1 | S4: 1 | T4: 1 | U4: 1 | V4: 1 | W4: 1 | X4: 1

Sheet PUNTAJE GLOBAL
A1: DATOS DE IDENTIFICACIÓN | G1: PUNTAJE | K1: RETROALIMENTACIÓN A LOS PROFESIONALES
A2: =[1]IDENTIFICACIÓN!A1 -> NUMERO DE EVALUACIÓN | B2: =[1]IDENTIFICACIÓN!B1 -> MEDICO | C2: =[1]IDENTIFICACIÓN!C1 -> CENTRO | D2: =[1]IDENTIFICACIÓN!D1 -> ESPECIALIDAD | E2: =[1]IDENTIFICACIÓN!E1 -> FECHA | F2: =[1]IDENTIFICACIÓN!F1 -> ADMISION | G2: CALIDAD DEL REGISTRO | H2: EVALUACIÓN CLÍNICA | I2: TERAPEÚTICA | J2: GLOBAL | K2: PUNTOS FALTANTES EN HCL | L2: RECOMENDACIONES AL PROFESIONAL
A3: =IDENTIFICACIÓN!A2 -> 1 | B3: =IDENTIFICACIÓN!B2 -> PROPUESTA | C3: =IDENTIFICACIÓN!C2 -> CM | D3: =IDENTIFICACIÓN!D2 -> EJEMPLO | E3: =IDENTIFICACIÓN!E2 -> 45924 | F3: =IDENTIFICACIÓN!F2 -> CEX | G3: =SUM(REGISTRO!I4:P4)*4/8+REGISTRO!Q4*3+REGISTRO!R4*3 -> 10 | H3: =REGISTRO!S4*10 -> 10 | I3: =(REGISTRO!T4*3 + REGISTRO!U4*3 + REGISTRO!V4*2 + REGISTRO!W4*1 + REGISTRO!X4*1) -> 10 | J3: =G3*0.4+H3*0.2+I3*0.4 -> 10

Sheet Hoja3
A1: LISTA VALOR
A2: 1
A3: 0
